pops,string_tree,no_admixes,topology
s1-s1.s2-s1.s2.s3-s2-s2.s3-s3,s1=s2=s3=w.a.w-c.0.c.2-c.0;0.002586817-0.077780913-0.001668333-0.050026384-0.031787628-0.017594094-0.056015726;0.459,1,w.a.w-c.0.c.2-c.0
s1-s1.s2-s1.s2.s3-s2-s2.s3-s3,s1=s2=s3=w.a.w-c.0.c.2-c.0;0.004636805-0.078315185-0.010039090-0.050147478-0.015929088-0.018018536-0.056317524;0.47,1,w.a.w-c.0.c.2-c.0
s1-s1.s2-s1.s2.s3-s2-s2.s3-s3,s1=s2=s3=w.a.w-c.0.c.2-c.0;0.008562005-0.078855639-0.006021096-0.047009858-0.009771328-0.015077858-0.054094168;0.503,1,w.a.w-c.0.c.2-c.0
s1-s1.s2-s1.s2.s3-s2-s2.s3-s3,s1=s2=s3=w.a.w-c.0.c.2-c.0;0.007277786-0.082180742-0.011910298-0.049329117-0.011579607-0.013498614-0.054162140;0.488,1,w.a.w-c.0.c.2-c.0
s1-s1.s2-s1.s2.s3-s2-s2.s3-s3,s1=s2=s3=w.a.w-c.0.c.2-c.0;0.005923933-0.080154308-0.016084915-0.050975518-0.004653579-0.013086728-0.054226377;0.445,1,w.a.w-c.0.c.2-c.0
s1-s1.s2-s1.s2.s3-s2-s2.s3-s3,s1=s2=s3=w.a.w-c.0.c.2-c.0;0.003572577-0.082013137-0.001507196-0.052032686-0.029283782-0.012312095-0.058019620;0.51,1,w.a.w-c.0.c.2-c.0
s1-s1.s2-s1.s2.s3-s2-s2.s3-s3,s1=s2=s3=w.a.w-c.0.c.2-c.0;0.001006710-0.086374359-0.006249253-0.049384417-0.033184932-0.009982993-0.056345258;0.474,1,w.a.w-c.0.c.2-c.0
s1-s1.s2-s1.s2.s3-s2-s2.s3-s3,s1=s2=s3=w.a.w-c.0.c.2-c.0;0.001192254-0.083762858-0.006438865-0.048944158-0.033138532-0.008625100-0.054619379;0.508,1,w.a.w-c.0.c.2-c.0
s1-s1.s2-s1.s2.s3-s2-s2.s3-s3,s1=s2=s3=w.a.w-c.0.c.2-c.0;0.002905253-0.082496734-0.024885019-0.048602637-0.006029935-0.013080171-0.056736561;0.497,1,w.a.w-c.0.c.2-c.0
s1-s1.s2-s1.s2.s3-s2-s2.s3-s3,s1=s2=s3=w.a.w-c.0.c.2-c.0;0.006818787-0.082997030-0.007093699-0.048918397-0.008279696-0.011572493-0.057020700;0.502,1,w.a.w-c.0.c.2-c.0
s1-s1.s2-s1.s2.s3-s2-s2.s3-s3,s1=s2=s3=w.a.w-c.0.c.2-c.0;0.005806695-0.082997030-0.001837049-0.048918397-0.015765606-0.011572493-0.056848776;0.486,1,w.a.w-c.0.c.2-c.0
s1-s1.s2-s1.s2.s3-s2-s2.s3-s3,s1=s2=s3=w.a.w-c.0.c.2-c.0;0.007993719-0.081778732-0.007083932-0.047640010-0.004392537-0.013094773-0.056797189;0.488,1,w.a.w-c.0.c.2-c.0
s1-s1.s2-s1.s2.s3-s2-s2.s3-s3,s1=s2=s3=w.a.w-c.0.c.2-c.0;0.000756597-0.082910469-0.025415113-0.048632889-0.017974730-0.014574838-0.055759730;0.5,1,w.a.w-c.0.c.2-c.0
s1-s1.s2-s1.s2.s3-s2-s2.s3-s3,s1=s2=s3=w.a.w-c.0.c.2-c.0;0.001829455-0.084237913-0.029677698-0.048268808-0.010814012-0.013234487-0.054621614;0.495,1,w.a.w-c.0.c.2-c.0
s1-s1.s2-s1.s2.s3-s2-s2.s3-s3,s1=s2=s3=w.a.w-c.0.c.2-c.0;0.004936648-0.082360061-0.016513656-0.049230155-0.013095464-0.013493133-0.058189652;0.467,1,w.a.w-c.0.c.2-c.0
s1-s1.s2-s1.s2.s3-s2-s2.s3-s3,s1=s2=s3=w.a.w-c.0.c.2-c.0;0.004008037-0.081021411-0.041430532-0.049475427-0.004506373-0.013878285-0.057695631;0.494,1,w.a.w-c.0.c.2-c.0
s1-s1.s2-s1.s2.s3-s2-s2.s3-s3,s1=s2=s3=w.a.w-c.0.c.2-c.0;0.001068852-0.083317548-0.039563277-0.048711829-0.005251786-0.012480434-0.058203484;0.452,1,w.a.w-c.0.c.2-c.0
s1-s1.s2-s1.s2.s3-s2-s2.s3-s3,s1=s2=s3=w.a.w-c.0.c.2-c.0;0.007303412-0.083317548-0.019197448-0.048711829-0.001791957-0.012480434-0.058203484;0.473,1,w.a.w-c.0.c.2-c.0
s1-s1.s2-s1.s2.s3-s2-s2.s3-s3,s1=s2=s3=w.a.w-c.0.c.2-c.0;0.000892268-0.082639514-0.027308380-0.050896378-0.016501144-0.014549733-0.056871619;0.451,1,w.a.w-c.0.c.2-c.0
s1-s1.s2-s1.s2.s3-s2-s2.s3-s3,s1=s2=s3=w.a.w-c.0.c.2-c.0;0.007028557-0.079812841-0.007120542-0.051681362-0.015977292-0.014095084-0.055133335;0.506,1,w.a.w-c.0.c.2-c.0
s1-s1.s2-s1.s2.s3-s2-s2.s3-s3,s1=s2=s3=w.a.w-c.0.c.2-c.0;0.004613361-0.079812841-0.014829909-0.039362327-0.017773820-0.014095084-0.067452370;0.566,1,w.a.w-c.0.c.2-c.0
s1-s1.s2-s1.s2.s3-s2-s2.s3-s3,s1=s2=s3=w.a.w-c.0.c.2-c.0;0.007412793-0.083373817-0.002680673-0.038439401-0.021570535-0.013100082-0.067532230;0.537,1,w.a.w-c.0.c.2-c.0
s1-s1.s2-s1.s2.s3-s2-s2.s3-s3,s1=s2=s3=w.a.w-c.0.c.2-c.0;0.000995505-0.085056176-0.013431526-0.033411958-0.042288027-0.013125840-0.070634647;0.576,1,w.a.w-c.0.c.2-c.0
s1-s1.s2-s1.s2.s3-s2-s2.s3-s3,s1=s2=s3=w.a.w-c.0.c.2-c.0;0.009796277-0.083426376-0.000718749-0.032173347-0.021364392-0.015750844-0.074485510;0.594,1,w.a.w-c.0.c.2-c.0
s1-s1.s2-s1.s2.s3-s2-s2.s3-s3,s1=s2=s3=w.a.w-c.0.c.2-c.0;0.004522341-0.082135956-0.013527350-0.034147859-0.018666792-0.017302255-0.073160280;0.558,1,w.a.w-c.0.c.2-c.0
s1-s1.s2-s1.s2.s3-s2-s2.s3-s3,s1=s2=s3=w.a.w-c.0.c.2-c.0;0.006142674-0.080740461-0.013158437-0.033145780-0.020097500-0.018943883-0.074895898;0.582,1,w.a.w-c.0.c.2-c.0
s1-s1.s2-s1.s2.s3-s2-s2.s3-s3,s1=s2=s3=w.a.w-c.0.c.2-c.0;0.005888913-0.080740461-0.015071826-0.033145780-0.017851674-0.018943883-0.074895898;0.567,1,w.a.w-c.0.c.2-c.0
s1-s1.s2-s1.s2.s3-s2-s2.s3-s3,s1=s2=s3=w.a.w-c.0.c.2-c.0;0.007814529-0.080740461-0.009137781-0.033145780-0.017605715-0.018943883-0.074895897;0.563,1,w.a.w-c.0.c.2-c.0
s1-s1.s2-s1.s2.s3-s2-s2.s3-s3,s1=s2=s3=w.a.w-c.0.c.2-c.0;0.001385247-0.079575825-0.021632642-0.032549220-0.033463363-0.018480904-0.074496382;0.574,1,w.a.w-c.0.c.2-c.0
s1-s1.s2-s1.s2.s3-s2-s2.s3-s3,s1=s2=s3=w.a.w-c.0.c.2-c.0;0.000942351-0.079575825-0.028675465-0.031664766-0.023117376-0.018480904-0.074458746;0.558,1,w.a.w-c.0.c.2-c.0
s1-s1.s2-s1.s2.s3-s2-s2.s3-s3,s1=s2=s3=w.a.w-c.0.c.2-c.0;0.008407170-0.081100860-0.009481625-0.032719992-0.010221446-0.019203646-0.073611562;0.542,1,w.a.w-c.0.c.2-c.0
s1-s1.s2-s1.s2.s3-s2-s2.s3-s3,s1=s2=s3=w.a.w-c.0.c.2-c.0;0.009226133-0.080514949-0.007991651-0.030842082-0.009035193-0.019295253-0.074805575;0.579,1,w.a.w-c.0.c.2-c.0
s1-s1.s2-s1.s2.s3-s2-s2.s3-s3,s1=s2=s3=w.a.w-c.0.c.2-c.0;0.000285679-0.080282989-0.016641958-0.032658595-0.036082679-0.019617383-0.076301515;0.523,1,w.a.w-c.0.c.2-c.0
s1-s1.s2-s1.s2.s3-s2-s2.s3-s3,s1=s2=s3=w.a.w-c.0.c.2-c.0;0.003473207-0.080282989-0.010174284-0.032658595-0.029987460-0.019617383-0.076301515;0.548,1,w.a.w-c.0.c.2-c.0
s1-s1.s2-s1.s2.s3-s2-s2.s3-s3,s1=s2=s3=w.a.w-c.0.c.2-c.0;0.013383947-0.079969527-0.000363234-0.034258336-0.010556908-0.017323518-0.074912197;0.554,1,w.a.w-c.0.c.2-c.0
s1-s1.s2-s1.s2.s3-s2-s2.s3-s3,s1=s2=s3=w.a.w-c.0.c.2-c.0;0.013383947-0.079969527-0.000363234-0.034258336-0.010556908-0.017323518-0.074788943;0.555,1,w.a.w-c.0.c.2-c.0
s1-s1.s2-s1.s2.s3-s2-s2.s3-s3,s1=s2=s3=w.a.w-c.0.c.2-c.0;0.000675538-0.078092480-0.016527683-0.033272803-0.053925448-0.016228044-0.074454964;0.567,1,w.a.w-c.0.c.2-c.0
s1-s1.s2-s1.s2.s3-s2-s2.s3-s3,s1=s2=s3=w.a.w-c.0.c.2-c.0;0.000586383-0.078092480-0.011237304-0.033272803-0.063490197-0.016574940-0.072185977;0.567,1,w.a.w-c.0.c.2-c.0
s1-s1.s2-s1.s2.s3-s2-s2.s3-s3,s1=s2=s3=w.a.w-c.0.c.2-c.0;0.014686061-0.078092480-0.003976495-0.033272803-0.000680256-0.016574940-0.072185977;0.567,1,w.a.w-c.0.c.2-c.0
s1-s1.s2-s1.s2.s3-s2-s2.s3-s3,s1=s2=s3=w.a.w-c.0.c.2-c.0;0.006013040-0.078092480-0.010943927-0.033272803-0.033892341-0.016574940-0.073570471;0.566,1,w.a.w-c.0.c.2-c.0
s1-s1.s2-s1.s2.s3-s2-s2.s3-s3,s1=s2=s3=w.a.w-c.0.c.2-c.0;0.008960759-0.077647051-0.012907115-0.031853257-0.014022594-0.016900148-0.075282981;0.567,1,w.a.w-c.0.c.2-c.0
s1-s1.s2-s1.s2.s3-s2-s2.s3-s3,s1=s2=s3=w.a.w-c.0.c.2-c.0;0.008430180-0.077529172-0.000320447-0.034388125-0.029326526-0.018187926-0.072943551;0.543,1,w.a.w-c.0.c.2-c.0
s1-s1.s2-s1.s2.s3-s2-s2.s3-s3,s1=s2=s3=w.a.w-c.0.c.2-c.0;0.001562820-0.077529172-0.036122020-0.038721178-0.011747066-0.018187926-0.068610499;0.543,1,w.a.w-c.0.c.2-c.0
s1-s1.s2-s1.s2.s3-s2-s2.s3-s3,s1=s2=s3=w.a.w-c.0.c.2-c.0;0.001562820-0.077529172-0.036603153-0.038721178-0.011747066-0.017706792-0.068610499;0.529,1,w.a.w-c.0.c.2-c.0
s1-s1.s2-s1.s2.s3-s2-s2.s3-s3,s1=s2=s3=w.a.w-c.0.c.2-c.0;0.005725788-0.077772554-0.018647566-0.037459545-0.005768907-0.017444875-0.066693435;0.549,1,w.a.w-c.0.c.2-c.0
s1-s1.s2-s1.s2.s3-s2-s2.s3-s3,s1=s2=s3=w.a.w-c.0.c.2-c.0;0.000698369-0.084627232-0.038133069-0.037093701-0.003935210-0.014294134-0.066582596;0.557,1,w.a.w-c.0.c.2-c.0
s1-s1.s2-s1.s2.s3-s2-s2.s3-s3,s1=s2=s3=w.a.w-c.0.c.2-c.0;0.000968912-0.084627232-0.037536469-0.037093701-0.003506652-0.014294134-0.066582596;0.562,1,w.a.w-c.0.c.2-c.0
s1-s1.s2-s1.s2.s3-s2-s2.s3-s3,s1=s2=s3=w.a.w-c.0.c.2-c.0;0.000646810-0.082310862-0.033274860-0.037333351-0.007579507-0.016247167-0.068549566;0.563,1,w.a.w-c.0.c.2-c.0
s1-s1.s2-s1.s2.s3-s2-s2.s3-s3,s1=s2=s3=w.a.w-c.0.c.2-c.0;0.001237591-0.081625374-0.034376859-0.037026190-0.011166206-0.016232195-0.067894627;0.559,1,w.a.w-c.0.c.2-c.0
s1-s1.s2-s1.s2.s3-s2-s2.s3-s3,s1=s2=s3=w.a.w-c.0.c.2-c.0;0.007378807-0.081625374-0.008229395-0.037026190-0.021474620-0.016316409-0.070380869;0.559,1,w.a.w-c.0.c.2-c.0
s1-s1.s2-s1.s2.s3-s2-s2.s3-s3,s1=s2=s3=w.a.w-c.0.c.2-c.0;0.000739263-0.081625374-0.018306614-0.037026190-0.038608891-0.016316409-0.066431883;0.555,1,w.a.w-c.0.c.2-c.0
s1-s1.s2-s1.s2.s3-s2-s2.s3-s3,s1=s2=s3=w.a.w-c.0.c.2-c.0;0.000806300-0.081743254-0.017125878-0.039122124-0.039436636-0.015742313-0.066475277;0.539,1,w.a.w-c.0.c.2-c.0
s1-s1.s2-s1.s2.s3-s2-s2.s3-s3,s1=s2=s3=w.a.w-c.0.c.2-c.0;0.003094040-0.079868174-0.025938484-0.034369574-0.003041807-0.012455801-0.067970838;0.6,1,w.a.w-c.0.c.2-c.0
s1-s1.s2-s1.s2.s3-s2-s2.s3-s3,s1=s2=s3=w.a.w-c.0.c.2-c.0;0.005188396-0.082825739-0.021153680-0.036041460-0.000202298-0.014952076-0.067561813;0.557,1,w.a.w-c.0.c.2-c.0
s1-s1.s2-s1.s2.s3-s2-s2.s3-s3,s1=s2=s3=w.a.w-c.0.c.2-c.0;0.005394581-0.082825739-0.008513542-0.036041460-0.019144928-0.014952076-0.067561813;0.557,1,w.a.w-c.0.c.2-c.0
s1-s1.s2-s1.s2.s3-s2-s2.s3-s3,s1=s2=s3=w.a.w-c.0.c.2-c.0;0.005394581-0.082108329-0.008631190-0.036041460-0.019144928-0.015551838-0.067561813;0.549,1,w.a.w-c.0.c.2-c.0
s1-s1.s2-s1.s2.s3-s2-s2.s3-s3,s1=s2=s3=w.a.w-c.0.c.2-c.0;0.000824111-0.084827006-0.026012464-0.035046904-0.017622965-0.016010726-0.071076337;0.574,1,w.a.w-c.0.c.2-c.0
s1-s1.s2-s1.s2.s3-s2-s2.s3-s3,s1=s2=s3=w.a.w-c.0.c.2-c.0;0.000351794-0.085544463-0.001749224-0.036009265-0.060955086-0.015664994-0.072431743;0.574,1,w.a.w-c.0.c.2-c.0
s1-s1.s2-s1.s2.s3-s2-s2.s3-s3,s1=s2=s3=w.a.w-c.0.c.2-c.0;0.000732856-0.085253416-0.004335974-0.034837056-0.064720108-0.014274653-0.069219337;0.569,1,w.a.w-c.0.c.2-c.0
s1-s1.s2-s1.s2.s3-s2-s2.s3-s3,s1=s2=s3=w.a.w-c.0.c.2-c.0;0.000732856-0.085253416-0.004335974-0.034837056-0.064720108-0.014274653-0.069219337;0.55,1,w.a.w-c.0.c.2-c.0
s1-s1.s2-s1.s2.s3-s2-s2.s3-s3,s1=s2=s3=w.a.w-c.0.c.2-c.0;0.002193453-0.087532803-0.012331665-0.035399537-0.045940337-0.012717459-0.065585232;0.582,1,w.a.w-c.0.c.2-c.0
s1-s1.s2-s1.s2.s3-s2-s2.s3-s3,s1=s2=s3=w.a.w-c.0.c.2-c.0;0.000959912-0.086731281-0.007982237-0.034862205-0.042664687-0.012388268-0.069449764;0.567,1,w.a.w-c.0.c.2-c.0
s1-s1.s2-s1.s2.s3-s2-s2.s3-s3,s1=s2=s3=w.a.w-c.0.c.2-c.0;0.000092307-0.085975980-0.035215572-0.036187182-0.005439002-0.013268674-0.069189756;0.554,1,w.a.w-c.0.c.2-c.0
s1-s1.s2-s1.s2.s3-s2-s2.s3-s3,s1=s2=s3=w.a.w-c.0.c.2-c.0;0.008420921-0.085975980-0.008010066-0.035985662-0.014129538-0.010253545-0.069181025;0.573,1,w.a.w-c.0.c.2-c.0
s1-s1.s2-s1.s2.s3-s2-s2.s3-s3,s1=s2=s3=w.a.w-c.0.c.2-c.0;0.000011316-0.086048054-0.033618676-0.036301047-0.018967067-0.011521586-0.070119912;0.584,1,w.a.w-c.0.c.2-c.0
s1-s1.s2-s1.s2.s3-s2-s2.s3-s3,s1=s2=s3=w.a.w-c.0.c.2-c.0;0.000538614-0.084715011-0.023359329-0.035829761-0.030046399-0.012581312-0.069702004;0.582,1,w.a.w-c.0.c.2-c.0
s1-s1.s2-s1.s2.s3-s2-s2.s3-s3,s1=s2=s3=w.a.w-c.0.c.2-c.0;0.000250445-0.083833967-0.028862236-0.034247619-0.018313702-0.013849664-0.069577973;0.579,1,w.a.w-c.0.c.2-c.0
s1-s1.s2-s1.s2.s3-s2-s2.s3-s3,s1=s2=s3=w.a.w-c.0.c.2-c.0;0.002546028-0.083135565-0.001544640-0.034857080-0.056431074-0.013338875-0.068985806;0.564,1,w.a.w-c.0.c.2-c.0
s1-s1.s2-s1.s2.s3-s2-s2.s3-s3,s1=s2=s3=w.a.w-c.0.c.2-c.0;0.001866669-0.084670166-0.006749979-0.030722502-0.053892421-0.012420600-0.071928534;0.572,1,w.a.w-c.0.c.2-c.0
s1-s1.s2-s1.s2.s3-s2-s2.s3-s3,s1=s2=s3=w.a.w-c.0.c.2-c.0;0.003335390-0.084370165-0.010219472-0.032108417-0.046731692-0.012041438-0.069866501;0.586,1,w.a.w-c.0.c.2-c.0
s1-s1.s2-s1.s2.s3-s2-s2.s3-s3,s1=s2=s3=w.a.w-c.0.c.2-c.0;0.002952202-0.085298584-0.004474328-0.034386393-0.054257669-0.011111302-0.068594466;0.562,1,w.a.w-c.0.c.2-c.0
s1-s1.s2-s1.s2.s3-s2-s2.s3-s3,s1=s2=s3=w.a.w-c.0.c.2-c.0;0.002952202-0.085298584-0.004474328-0.034386393-0.054257669-0.015976764-0.073938191;0.56,1,w.a.w-c.0.c.2-c.0
s1-s1.s2-s1.s2.s3-s2-s2.s3-s3,s1=s2=s3=w.a.w-c.0.c.2-c.0;0.000276052-0.084951468-0.037571176-0.033926376-0.010247062-0.015891961-0.072588236;0.558,1,w.a.w-c.0.c.2-c.0
s1-s1.s2-s1.s2.s3-s2-s2.s3-s3,s1=s2=s3=w.a.w-c.0.c.2-c.0;0.001407837-0.079901078-0.031345834-0.033493990-0.017657771-0.015504110-0.069878968;0.567,1,w.a.w-c.0.c.2-c.0
s1-s1.s2-s1.s2.s3-s2-s2.s3-s3,s1=s2=s3=w.a.w-c.0.c.2-c.0;0.004056409-0.080332814-0.007445383-0.033975986-0.043732288-0.015165165-0.071279321;0.564,1,w.a.w-c.0.c.2-c.0
s1-s1.s2-s1.s2.s3-s2-s2.s3-s3,s1=s2=s3=w.a.w-c.0.c.2-c.0;0.003131713-0.078910434-0.008262453-0.034085973-0.044551662-0.016504735-0.071658431;0.566,1,w.a.w-c.0.c.2-c.0
s1-s1.s2-s1.s2.s3-s2-s2.s3-s3,s1=s2=s3=w.a.w-c.0.c.2-c.0;0.001065164-0.079044154-0.005331909-0.033643346-0.051537927-0.017874180-0.071379511;0.562,1,w.a.w-c.0.c.2-c.0
s1-s1.s2-s1.s2.s3-s2-s2.s3-s3,s1=s2=s3=w.a.w-c.0.c.2-c.0;0.007269509-0.079044154-0.010373455-0.033643346-0.010812642-0.017874180-0.072165805;0.562,1,w.a.w-c.0.c.2-c.0
s1-s1.s2-s1.s2.s3-s2-s2.s3-s3,s1=s2=s3=w.a.w-c.0.c.2-c.0;0.003279727-0.079006680-0.028842341-0.033393905-0.005638384-0.015200657-0.070427449;0.598,1,w.a.w-c.0.c.2-c.0
s1-s1.s2-s1.s2.s3-s2-s2.s3-s3,s1=s2=s3=w.a.w-c.0.c.2-c.0;0.006619937-0.081849265-0.013919238-0.037155410-0.013739032-0.011513214-0.066623009;0.589,1,w.a.w-c.0.c.2-c.0
s1-s1.s2-s1.s2.s3-s2-s2.s3-s3,s1=s2=s3=w.a.w-c.0.c.2-c.0;0.006619937-0.081849265-0.013144010-0.029752354-0.015717361-0.012288441-0.072047736;0.627,1,w.a.w-c.0.c.2-c.0
s1-s1.s2-s1.s2.s3-s2-s2.s3-s3,s1=s2=s3=w.a.w-c.0.c.2-c.0;0.009706093-0.083441525-0.009202203-0.028142912-0.007852965-0.012147528-0.079953197;0.613,1,w.a.w-c.0.c.2-c.0
s1-s1.s2-s1.s2.s3-s2-s2.s3-s3,s1=s2=s3=w.a.w-c.0.c.2-c.0;0.001935246-0.085698934-0.024139912-0.028817193-0.031811645-0.008617447-0.080499009;0.629,1,w.a.w-c.0.c.2-c.0
s1-s1.s2-s1.s2.s3-s2-s2.s3-s3,s1=s2=s3=w.a.w-c.0.c.2-c.0;0.002458652-0.085374704-0.039864031-0.025557621-0.002305449-0.008369453-0.080851832;0.609,1,w.a.w-c.0.c.2-c.0
s1-s1.s2-s1.s2.s3-s2-s2.s3-s3,s1=s2=s3=w.a.w-c.0.c.2-c.0;0.007388766-0.086183751-0.011693219-0.026422758-0.015783191-0.012913259-0.081927084;0.62,1,w.a.w-c.0.c.2-c.0
s1-s1.s2-s1.s2.s3-s2-s2.s3-s3,s1=s2=s3=w.a.w-c.0.c.2-c.0;0.007388766-0.086183751-0.011693219-0.026422758-0.015356275-0.012913259-0.082353409;0.625,1,w.a.w-c.0.c.2-c.0
s1-s1.s2-s1.s2.s3-s2-s2.s3-s3,s1=s2=s3=w.a.w-c.0.c.2-c.0;0.004778872-0.087539745-0.022202627-0.026518065-0.002285486-0.012191529-0.080459661;0.63,1,w.a.w-c.0.c.2-c.0
s1-s1.s2-s1.s2.s3-s2-s2.s3-s3,s1=s2=s3=w.a.w-c.0.c.2-c.0;0.002809166-0.087598233-0.019287965-0.026712592-0.027147853-0.011650065-0.081310284;0.616,1,w.a.w-c.0.c.2-c.0
s1-s1.s2-s1.s2.s3-s2-s2.s3-s3,s1=s2=s3=w.a.w-c.0.c.2-c.0;0.008580990-0.086715210-0.007211833-0.026494282-0.037412775-0.012392121-0.082023105;0.614,1,w.a.w-c.0.c.2-c.0
s1-s1.s2-s1.s2.s3-s2-s2.s3-s3,s1=s2=s3=w.a.w-c.0.c.2-c.0;0.001791329-0.086715210-0.001305430-0.026494282-0.097095550-0.012392121-0.082023105;0.611,1,w.a.w-c.0.c.2-c.0
s1-s1.s2-s1.s2.s3-s2-s2.s3-s3,s1=s2=s3=w.a.w-c.0.c.2-c.0;0.001791329-0.086715210-0.001305430-0.026494282-0.097095550-0.012392121-0.082023105;0.638,1,w.a.w-c.0.c.2-c.0
s1-s1.s2-s1.s2.s3-s2-s2.s3-s3,s1=s2=s3=w.a.w-c.0.c.2-c.0;0.001268683-0.086125558-0.003359406-0.025919624-0.100670501-0.013006728-0.081694486;0.636,1,w.a.w-c.0.c.2-c.0
s1-s1.s2-s1.s2.s3-s2-s2.s3-s3,s1=s2=s3=w.a.w-c.0.c.2-c.0;0.000552014-0.086355481-0.002086590-0.025848595-0.096950232-0.012995681-0.080790885;0.619,1,w.a.w-c.0.c.2-c.0
s1-s1.s2-s1.s2.s3-s2-s2.s3-s3,s1=s2=s3=w.a.w-c.0.c.2-c.0;0.004510912-0.086355481-0.003670930-0.025848595-0.066487839-0.013018657-0.080495617;0.615,1,w.a.w-c.0.c.2-c.0
s1-s1.s2-s1.s2.s3-s2-s2.s3-s3,s1=s2=s3=w.a.w-c.0.c.2-c.0;0.004203059-0.084692844-0.005228330-0.023183059-0.065498163-0.012850283-0.079948590;0.613,1,w.a.w-c.0.c.2-c.0
s1-s1.s2-s1.s2.s3-s2-s2.s3-s3,s1=s2=s3=w.a.w-c.0.c.2-c.0;0.011740206-0.085739505-0.008755153-0.021929308-0.006048013-0.009571252-0.079769562;0.668,1,w.a.w-c.0.c.2-c.0
s1-s1.s2-s1.s2.s3-s2-s2.s3-s3,s1=s2=s3=w.a.w-c.0.c.2-c.0;0.012790960-0.087465649-0.006044098-0.022060131-0.001049805-0.010516965-0.081723250;0.657,1,w.a.w-c.0.c.2-c.0
s1-s1.s2-s1.s2.s3-s2-s2.s3-s3,s1=s2=s3=w.a.w-c.0.c.2-c.0;0.011735857-0.082889197-0.006585607-0.023068542-0.000966296-0.013757951-0.081241719;0.651,1,w.a.w-c.0.c.2-c.0
s1-s1.s2-s1.s2.s3-s2-s2.s3-s3,s1=s2=s3=w.a.w-c.0.c.2-c.0;0.005788735-0.085640984-0.018654000-0.022982725-0.018297771-0.015441291-0.079711442;0.637,1,w.a.w-c.0.c.2-c.0
s1-s1.s2-s1.s2.s3-s2-s2.s3-s3,s1=s2=s3=w.a.w-c.0.c.2-c.0;0.000012051-0.085640984-0.008357312-0.022982725-0.095941879-0.015468914-0.078624981;0.653,1,w.a.w-c.0.c.2-c.0
s1-s1.s2-s1.s2.s3-s2-s2.s3-s3,s1=s2=s3=w.a.w-c.0.c.2-c.0;0.000401530-0.085640984-0.003567053-0.022982725-0.109654355-0.015468914-0.079856229;0.653,1,w.a.w-c.0.c.2-c.0
s1-s1.s2-s1.s2.s3-s2-s2.s3-s3,s1=s2=s3=w.a.w-c.0.c.2-c.0;0.003837600-0.085640984-0.016961511-0.022982725-0.053797275-0.009803888-0.079806582;0.653,1,w.a.w-c.0.c.2-c.0
s1-s1.s2-s1.s2.s3-s2-s2.s3-s3,s1=s2=s3=w.a.w-c.0.c.2-c.0;0.006197940-0.088208600-0.010019164-0.021937764-0.061076762-0.009627770-0.079632302;0.641,1,w.a.w-c.0.c.2-c.0
s1-s1.s2-s1.s2.s3-s2-s2.s3-s3,s1=s2=s3=w.a.w-c.0.c.2-c.0;0.001414674-0.087687062-0.023799357-0.023452425-0.048355609-0.010081664-0.078249239;0.647,1,w.a.w-c.0.c.2-c.0
s1-s1.s2-s1.s2.s3-s2-s2.s3-s3,s1=s2=s3=w.a.w-c.0.c.2-c.0;0.008018580-0.085917976-0.003652541-0.025925814-0.055537753-0.008189151-0.079919574;0.652,1,w.a.w-c.0.c.2-c.0
s1-s1.s2-s1.s2.s3-s2-s2.s3-s3,s1=s2=s3=w.a.w-c.0.c.2-c.0;0.015871256-0.085917976-0.000879590-0.025925814-0.000422241-0.008189151-0.079919574;0.652,1,w.a.w-c.0.c.2-c.0
s1-s1.s2-s1.s2.s3-s2-s2.s3-s3,s1=s2=s3=w.a.w-c.0.c.2-c.0;0.013619189-0.086339340-0.002111791-0.027412362-0.003686822-0.007537207-0.074674789;0.617,1,w.a.w-c.0.c.2-c.0
s1-s1.s2-s1.s2.s3-s2-s2.s3-s3,s1=s2=s3=w.a.w-c.0.c.2-c.0;0.013145195-0.087032409-0.001320767-0.030550162-0.011760091-0.009869358-0.073511150;0.61,1,w.a.w-c.0.c.2-c.0
s1-s1.s2-s1.s2.s3-s2-s2.s3-s3,s1=s2=s3=w.a.w-c.0.c.2-c.0;0.006483859-0.087090553-0.014399082-0.030566598-0.027716440-0.010200257-0.076317474;0.591,1,w.a.w-c.0.c.2-c.0
s1-s1.s2-s1.s2.s3-s2-s2.s3-s3,s1=s2=s3=w.a.w-c.0.c.2-c.0;0.005898622-0.087090553-0.010347743-0.024810418-0.042015277-0.010200257-0.082073654;0.623,1,w.a.w-c.0.c.2-c.0
s1-s1.s2-s1.s2.s3-s2-s2.s3-s3,s1=s2=s3=w.a.w-c.0.c.2-c.0;0.006497694-0.087090553-0.013877456-0.024810418-0.028120564-0.010200257-0.082073654;0.623,1,w.a.w-c.0.c.2-c.0
s1-s1.s2-s1.s2.s3-s2-s2.s3-s3,s1=s2=s3=w.a.w-c.0.c.2-c.0;0.006529904-0.090213214-0.012888513-0.023727352-0.025459123-0.010404634-0.084642776;0.629,1,w.a.w-c.0.c.2-c.0
s1-s1.s2-s1.s2.s3-s2-s2.s3-s3,s1=s2=s3=w.a.w-c.0.c.2-c.0;0.013105449-0.090808800-0.000922244-0.023862390-0.013635059-0.010862378-0.082772898;0.652,1,w.a.w-c.0.c.2-c.0
s1-s1.s2-s1.s2.s3-s2-s2.s3-s3,s1=s2=s3=w.a.w-c.0.c.2-c.0;0.003801267-0.089910587-0.028074635-0.025809434-0.006148642-0.009754455-0.082865253;0.625,1,w.a.w-c.0.c.2-c.0
s1-s1.s2-s1.s2.s3-s2-s2.s3-s3,s1=s2=s3=w.a.w-c.0.c.2-c.0;0.004215045-0.090131828-0.021839057-0.025801467-0.026384154-0.009789322-0.081111182;0.658,1,w.a.w-c.0.c.2-c.0
s1-s1.s2-s1.s2.s3-s2-s2.s3-s3,s1=s2=s3=w.a.w-c.0.c.2-c.0;0.001762762-0.089194435-0.012773702-0.027064134-0.068456324-0.008679616-0.082671092;0.615,1,w.a.w-c.0.c.2-c.0
s1-s1.s2-s1.s2.s3-s2-s2.s3-s3,s1=s2=s3=w.a.w-c.0.c.2-c.0;0.002097989-0.089194435-0.025797839-0.027064134-0.033055487-0.008679616-0.082671092;0.616,1,w.a.w-c.0.c.2-c.0
s1-s1.s2-s1.s2.s3-s2-s2.s3-s3,s1=s2=s3=w.a.w-c.0.c.2-c.0;0.000417416-0.086645347-0.025173778-0.027462322-0.033604878-0.007892661-0.082425695;0.626,1,w.a.w-c.0.c.2-c.0
s1-s1.s2-s1.s2.s3-s2-s2.s3-s3,s1=s2=s3=w.a.w-c.0.c.2-c.0;0.002115810-0.086645347-0.022689349-0.027462322-0.028104160-0.007978575-0.082425695;0.628,1,w.a.w-c.0.c.2-c.0
s1-s1.s2-s1.s2.s3-s2-s2.s3-s3,s1=s2=s3=w.a.w-c.0.c.2-c.0;0.001303631-0.085661127-0.022192231-0.027675029-0.027876770-0.009578958-0.082743911;0.611,1,w.a.w-c.0.c.2-c.0
s1-s1.s2-s1.s2.s3-s2-s2.s3-s3,s1=s2=s3=w.a.w-c.0.c.2-c.0;0.003547573-0.086809798-0.027564705-0.024652405-0.001945521-0.009158372-0.084175250;0.62,1,w.a.w-c.0.c.2-c.0
s1-s1.s2-s1.s2.s3-s2-s2.s3-s3,s1=s2=s3=w.a.w-c.0.c.2-c.0;0.002131705-0.087817847-0.029123838-0.025583361-0.016108575-0.007875736-0.082010860;0.629,1,w.a.w-c.0.c.2-c.0
s1-s1.s2-s1.s2.s3-s2-s2.s3-s3,s1=s2=s3=w.a.w-c.0.c.2-c.0;0.000096190-0.087514618-0.032181868-0.026191769-0.015132666-0.007947527-0.077988026;0.633,1,w.a.w-c.0.c.2-c.0
s1-s1.s2-s1.s2.s3-s2-s2.s3-s3,s1=s2=s3=w.a.w-c.0.c.2-c.0;0.000096190-0.087514618-0.032181868-0.026191769-0.015132666-0.007947527-0.077988026;0.637,1,w.a.w-c.0.c.2-c.0
s1-s1.s2-s1.s2.s3-s2-s2.s3-s3,s1=s2=s3=w.a.w-c.0.c.2-c.0;0.009429902-0.086870185-0.011590054-0.027695010-0.009185553-0.014969985-0.076838876;0.612,1,w.a.w-c.0.c.2-c.0
s1-s1.s2-s1.s2.s3-s2-s2.s3-s3,s1=s2=s3=w.a.w-c.0.c.2-c.0;0.007282299-0.086870185-0.017778634-0.024371887-0.008076536-0.014969985-0.080161999;0.617,1,w.a.w-c.0.c.2-c.0
s1-s1.s2-s1.s2.s3-s2-s2.s3-s3,s1=s2=s3=w.a.w-c.0.c.2-c.0;0.008951342-0.086094057-0.003865719-0.023528215-0.020462656-0.011749392-0.080371682;0.635,1,w.a.w-c.0.c.2-c.0
s1-s1.s2-s1.s2.s3-s2-s2.s3-s3,s1=s2=s3=w.a.w-c.0.c.2-c.0;0.009784911-0.086127928-0.000529634-0.022103925-0.038649756-0.010384915-0.079023455;0.647,1,w.a.w-c.0.c.2-c.0
s1-s1.s2-s1.s2.s3-s2-s2.s3-s3,s1=s2=s3=w.a.w-c.0.c.2-c.0;0.007375101-0.085594363-0.020139732-0.023504174-0.008788999-0.010029919-0.080118249;0.646,1,w.a.w-c.0.c.2-c.0
s1-s1.s2-s1.s2.s3-s2-s2.s3-s3,s1=s2=s3=w.a.w-c.0.c.2-c.0;0.008652075-0.083440623-0.003211353-0.020153007-0.046631352-0.010444548-0.083187161;0.655,1,w.a.w-c.0.c.2-c.0
s1-s1.s2-s1.s2.s3-s2-s2.s3-s3,s1=s2=s3=w.a.w-c.0.c.2-c.0;0.008652075-0.083494293-0.003211353-0.021288531-0.046631352-0.010390877-0.082051637;0.655,1,w.a.w-c.0.c.2-c.0
s1-s1.s2-s1.s2.s3-s2-s2.s3-s3,s1=s2=s3=w.a.w-c.0.c.2-c.0;0.002519252-0.084903609-0.013851518-0.020842714-0.057303065-0.011546931-0.084472665;0.661,1,w.a.w-c.0.c.2-c.0
s1-s1.s2-s1.s2.s3-s2-s2.s3-s3,s1=s2=s3=w.a.w-c.0.c.2-c.0;0.002519252-0.084903609-0.013851518-0.020842714-0.057303065-0.011533246-0.084472665;0.646,1,w.a.w-c.0.c.2-c.0
s1-s1.s2-s1.s2.s3-s2-s2.s3-s3,s1=s2=s3=w.a.w-c.0.c.2-c.0;0.003563879-0.085842089-0.006478267-0.020400291-0.084767140-0.011548544-0.084968076;0.67,1,w.a.w-c.0.c.2-c.0
s1-s1.s2-s1.s2.s3-s2-s2.s3-s3,s1=s2=s3=w.a.w-c.0.c.2-c.0;0.004304054-0.085842089-0.012672179-0.020400291-0.052352463-0.011548544-0.084968076;0.67,1,w.a.w-c.0.c.2-c.0
s1-s1.s2-s1.s2.s3-s2-s2.s3-s3,s1=s2=s3=w.a.w-c.0.c.2-c.0;0.004304054-0.085842089-0.012672179-0.020400291-0.051861310-0.011548544-0.085459229;0.671,1,w.a.w-c.0.c.2-c.0
s1-s1.s2-s1.s2.s3-s2-s2.s3-s3,s1=s2=s3=w.a.w-c.0.c.2-c.0;0.009377210-0.087631340-0.005819914-0.020634008-0.046116339-0.010290531-0.082841491;0.642,1,w.a.w-c.0.c.2-c.0
s1-s1.s2-s1.s2.s3-s2-s2.s3-s3,s1=s2=s3=w.a.w-c.0.c.2-c.0;0.009377210-0.087631340-0.000191941-0.020634008-0.038283777-0.015918505-0.089182426;0.633,1,w.a.w-c.0.c.2-c.0
s1-s1.s2-s1.s2.s3-s2-s2.s3-s3,s1=s2=s3=w.a.w-c.0.c.2-c.0;0.009377210-0.087631340-0.000191941-0.020634008-0.038283777-0.015918505-0.089182426;0.656,1,w.a.w-c.0.c.2-c.0
s1-s1.s2-s1.s2.s3-s2-s2.s3-s3,s1=s2=s3=w.a.w-c.0.c.2-c.0;0.003869255-0.086105821-0.026382794-0.017513208-0.008438447-0.016058657-0.092112121;0.65,1,w.a.w-c.0.c.2-c.0
s1-s1.s2-s1.s2.s3-s2-s2.s3-s3,s1=s2=s3=w.a.w-c.0.c.2-c.0;0.002011371-0.086132389-0.027785536-0.017013586-0.009226771-0.016286212-0.092225691;0.639,1,w.a.w-c.0.c.2-c.0
s1-s1.s2-s1.s2.s3-s2-s2.s3-s3,s1=s2=s3=w.a.w-c.0.c.2-c.0;0.003121289-0.086443319-0.024870678-0.015827786-0.018529684-0.012262114-0.091330503;0.668,1,w.a.w-c.0.c.2-c.0
s1-s1.s2-s1.s2.s3-s2-s2.s3-s3,s1=s2=s3=w.a.w-c.0.c.2-c.0;0.003121289-0.086443319-0.024870678-0.015827786-0.019981345-0.012262114-0.089878843;0.657,1,w.a.w-c.0.c.2-c.0
s1-s1.s2-s1.s2.s3-s2-s2.s3-s3,s1=s2=s3=w.a.w-c.0.c.2-c.0;0.003656950-0.087968558-0.015100376-0.012995611-0.049027535-0.013181149-0.089730378;0.673,1,w.a.w-c.0.c.2-c.0
s1-s1.s2-s1.s2.s3-s2-s2.s3-s3,s1=s2=s3=w.a.w-c.0.c.2-c.0;0.001170603-0.087795203-0.016577911-0.012257882-0.064667111-0.010354184-0.091657122;0.671,1,w.a.w-c.0.c.2-c.0
s1-s1.s2-s1.s2.s3-s2-s2.s3-s3,s1=s2=s3=w.a.w-c.0.c.2-c.0;0.000301315-0.086048418-0.011848377-0.013952330-0.093358160-0.009799794-0.090213763;0.674,1,w.a.w-c.0.c.2-c.0
s1-s1.s2-s1.s2.s3-s2-s2.s3-s3,s1=s2=s3=w.a.w-c.0.c.2-c.0;0.007193128-0.087701680-0.009264230-0.015889532-0.042404229-0.010629769-0.088916309;0.68,1,w.a.w-c.0.c.2-c.0
s1-s1.s2-s1.s2.s3-s2-s2.s3-s3,s1=s2=s3=w.a.w-c.0.c.2-c.0;0.012559890-0.083796210-0.003966713-0.015889532-0.013889370-0.014535239-0.089047461;0.678,1,w.a.w-c.0.c.2-c.0
s1-s1.s2-s1.s2.s3-s2-s2.s3-s3,s1=s2=s3=w.a.w-c.0.c.2-c.0;0.011257501-0.083729675-0.005816782-0.015356419-0.003451138-0.015630853-0.087578828;0.657,1,w.a.w-c.0.c.2-c.0
s1-s1.s2-s1.s2.s3-s2-s2.s3-s3,s1=s2=s3=w.a.w-c.0.c.2-c.0;0.011572536-0.081198506-0.006770088-0.016605209-0.003977581-0.012956202-0.085598813;0.651,1,w.a.w-c.0.c.2-c.0
s1-s1.s2-s1.s2.s3-s2-s2.s3-s3,s1=s2=s3=w.a.w-c.0.c.2-c.0;0.012308660-0.081347171-0.007579647-0.016351115-0.002111298-0.013811411-0.087335158;0.638,1,w.a.w-c.0.c.2-c.0
s1-s1.s2-s1.s2.s3-s2-s2.s3-s3,s1=s2=s3=w.a.w-c.0.c.2-c.0;0.005336624-0.081178713-0.014608630-0.016685383-0.036879006-0.012307199-0.088161727;0.635,1,w.a.w-c.0.c.2-c.0
s1-s1.s2-s1.s2.s3-s2-s2.s3-s3,s1=s2=s3=w.a.w-c.0.c.2-c.0;0.006948309-0.080184183-0.014486314-0.015667175-0.011063840-0.013144494-0.088358916;0.648,1,w.a.w-c.0.c.2-c.0
s1-s1.s2-s1.s2.s3-s2-s2.s3-s3,s1=s2=s3=w.a.w-c.0.c.2-c.0;0.007584593-0.083481725-0.014345385-0.015400208-0.010816373-0.009675012-0.092261804;0.678,1,w.a.w-c.0.c.2-c.0
s1-s1.s2-s1.s2.s3-s2-s2.s3-s3,s1=s2=s3=w.a.w-c.0.c.2-c.0;0.011550489-0.083481725-0.007837985-0.015400208-0.001486989-0.009675012-0.092180060;0.678,1,w.a.w-c.0.c.2-c.0
s1-s1.s2-s1.s2.s3-s2-s2.s3-s3,s1=s2=s3=w.a.w-c.0.c.2-c.0;0.012263947-0.083470236-0.006920917-0.015914337-0.000427534-0.012427741-0.088460531;0.665,1,w.a.w-c.0.c.2-c.0
s1-s1.s2-s1.s2.s3-s2-s2.s3-s3,s1=s2=s3=w.a.w-c.0.c.2-c.0;0.012263947-0.083470236-0.006920917-0.021492919-0.000473577-0.012427741-0.082835905;0.625,1,w.a.w-c.0.c.2-c.0
s1-s1.s2-s1.s2.s3-s2-s2.s3-s3,s1=s2=s3=w.a.w-c.0.c.2-c.0;0.002390176-0.083375992-0.017271346-0.019291612-0.046177985-0.013405585-0.086223268;0.673,1,w.a.w-c.0.c.2-c.0
s1-s1.s2-s1.s2.s3-s2-s2.s3-s3,s1=s2=s3=w.a.w-c.0.c.2-c.0;0.001626775-0.085208146-0.018486652-0.020594720-0.044621391-0.013248793-0.085127909;0.641,1,w.a.w-c.0.c.2-c.0
s1-s1.s2-s1.s2.s3-s2-s2.s3-s3,s1=s2=s3=w.a.w-c.0.c.2-c.0;0.006714719-0.084103584-0.001579667-0.021259191-0.062362445-0.012368820-0.086189226;0.652,1,w.a.w-c.0.c.2-c.0
s1-s1.s2-s1.s2.s3-s2-s2.s3-s3,s1=s2=s3=w.a.w-c.0.c.2-c.0;0.006714719-0.084103584-0.001579667-0.021259191-0.062362445-0.012368820-0.086189226;0.64,1,w.a.w-c.0.c.2-c.0
s1-s1.s2-s1.s2.s3-s2-s2.s3-s3,s1=s2=s3=w.a.w-c.0.c.2-c.0;0.005411642-0.084863201-0.008197320-0.020104827-0.062969028-0.011558935-0.087524741;0.654,1,w.a.w-c.0.c.2-c.0
s1-s1.s2-s1.s2.s3-s2-s2.s3-s3,s1=s2=s3=w.a.w-c.0.c.2-c.0;0.008398084-0.084863201-0.005350043-0.020104827-0.048169926-0.011558935-0.087524741;0.654,1,w.a.w-c.0.c.2-c.0
s1-s1.s2-s1.s2.s3-s2-s2.s3-s3,s1=s2=s3=w.a.w-c.0.c.2-c.0;0.003720812-0.087406772-0.013123343-0.019747520-0.041916692-0.011132410-0.085421386;0.652,1,w.a.w-c.0.c.2-c.0
s1-s1.s2-s1.s2.s3-s2-s2.s3-s3,s1=s2=s3=w.a.w-c.0.c.2-c.0;0.004202408-0.087406772-0.020118527-0.017651603-0.020472422-0.010068379-0.087517304;0.637,1,w.a.w-c.0.c.2-c.0
s1-s1.s2-s1.s2.s3-s2-s2.s3-s3,s1=s2=s3=w.a.w-c.0.c.2-c.0;0.002796359-0.086713482-0.022434248-0.026876255-0.017553169-0.011798350-0.075922981;0.628,1,w.a.w-c.0.c.2-c.0
s1-s1.s2-s1.s2.s3-s2-s2.s3-s3,s1=s2=s3=w.a.w-c.0.c.2-c.0;0.000381112-0.086295662-0.037891239-0.027309599-0.003532897-0.009799714-0.076494193;0.622,1,w.a.w-c.0.c.2-c.0
s1-s1.s2-s1.s2.s3-s2-s2.s3-s3,s1=s2=s3=w.a.w-c.0.c.2-c.0;0.000381112-0.086295662-0.037891239-0.027309599-0.003532897-0.009799714-0.076494193;0.622,1,w.a.w-c.0.c.2-c.0
s1-s1.s2-s1.s2.s3-s2-s2.s3-s3,s1=s2=s3=w.a.w-c.0.c.2-c.0;0.003385761-0.083613417-0.029611815-0.026976076-0.008114069-0.011308534-0.078390194;0.631,1,w.a.w-c.0.c.2-c.0
s1-s1.s2-s1.s2.s3-s2-s2.s3-s3,s1=s2=s3=w.a.w-c.0.c.2-c.0;0.001121176-0.085371194-0.030904040-0.029326163-0.007937173-0.011263309-0.077033402;0.62,1,w.a.w-c.0.c.2-c.0
s1-s1.s2-s1.s2.s3-s2-s2.s3-s3,s1=s2=s3=w.a.w-c.0.c.2-c.0;0.009589412-0.083848492-0.018469878-0.027705535-0.003930162-0.012905335-0.078021514;0.598,1,w.a.w-c.0.c.2-c.0
s1-s1.s2-s1.s2.s3-s2-s2.s3-s3,s1=s2=s3=w.a.w-c.0.c.2-c.0;0.005635953-0.086434578-0.014390155-0.027683954-0.029633001-0.013298806-0.077681275;0.607,1,w.a.w-c.0.c.2-c.0
s1-s1.s2-s1.s2.s3-s2-s2.s3-s3,s1=s2=s3=w.a.w-c.0.c.2-c.0;0.003827472-0.086434578-0.027168154-0.027683954-0.006873488-0.013298806-0.077681275;0.621,1,w.a.w-c.0.c.2-c.0
s1-s1.s2-s1.s2.s3-s2-s2.s3-s3,s1=s2=s3=w.a.w-c.0.c.2-c.0;0.006622506-0.084943357-0.014404694-0.025301979-0.014342730-0.011872460-0.077066331;0.626,1,w.a.w-c.0.c.2-c.0
s1-s1.s2-s1.s2.s3-s2-s2.s3-s3,s1=s2=s3=w.a.w-c.0.c.2-c.0;0.001194523-0.084433723-0.024407339-0.033496222-0.027004033-0.010025447-0.067948749;0.613,1,w.a.w-c.0.c.2-c.0
s1-s1.s2-s1.s2.s3-s2-s2.s3-s3,s1=s2=s3=w.a.w-c.0.c.2-c.0;0.007093743-0.086553053-0.015577302-0.035269030-0.010891146-0.010287606-0.067886860;0.601,1,w.a.w-c.0.c.2-c.0
s1-s1.s2-s1.s2.s3-s2-s2.s3-s3,s1=s2=s3=w.a.w-c.0.c.2-c.0;0.011222663-0.085903318-0.007981324-0.036858735-0.003907537-0.011302371-0.066631797;0.542,1,w.a.w-c.0.c.2-c.0
s1-s1.s2-s1.s2.s3-s2-s2.s3-s3,s1=s2=s3=w.a.w-c.0.c.2-c.0;0.011026966-0.083157362-0.007704088-0.036147503-0.004828236-0.013370728-0.068927000;0.629,1,w.a.w-c.0.c.2-c.0
s1-s1.s2-s1.s2.s3-s2-s2.s3-s3,s1=s2=s3=w.a.w-c.0.c.2-c.0;0.003838542-0.080003404-0.005147435-0.034091849-0.052133811-0.012426995-0.070136041;0.574,1,w.a.w-c.0.c.2-c.0
s1-s1.s2-s1.s2.s3-s2-s2.s3-s3,s1=s2=s3=w.a.w-c.0.c.2-c.0;0.003844141-0.079861492-0.003574727-0.035550445-0.051663029-0.014455688-0.072866835;0.593,1,w.a.w-c.0.c.2-c.0
s1-s1.s2-s1.s2.s3-s2-s2.s3-s3,s1=s2=s3=w.a.w-c.0.c.2-c.0;0.008082207-0.082355004-0.006833731-0.034948038-0.024289719-0.014728957-0.073801702;0.575,1,w.a.w-c.0.c.2-c.0
s1-s1.s2-s1.s2.s3-s2-s2.s3-s3,s1=s2=s3=w.a.w-c.0.c.2-c.0;0.003259531-0.081274108-0.005573402-0.033235807-0.042623464-0.015321267-0.072827675;0.57,1,w.a.w-c.0.c.2-c.0
s1-s1.s2-s1.s2.s3-s2-s2.s3-s3,s1=s2=s3=w.a.w-c.0.c.2-c.0;0.001840041-0.083328423-0.006181230-0.034014922-0.043829533-0.014321114-0.069695353;0.567,1,w.a.w-c.0.c.2-c.0
s1-s1.s2-s1.s2.s3-s2-s2.s3-s3,s1=s2=s3=w.a.w-c.0.c.2-c.0;0.005838648-0.084757386-0.003228298-0.037139173-0.038661787-0.012389531-0.066686974;0.594,1,w.a.w-c.0.c.2-c.0
s1-s1.s2-s1.s2.s3-s2-s2.s3-s3,s1=s2=s3=w.a.w-c.0.c.2-c.0;0.010140722-0.083650249-0.000494264-0.037227944-0.017648869-0.014269270-0.066505738;0.55,1,w.a.w-c.0.c.2-c.0
s1-s1.s2-s1.s2.s3-s2-s2.s3-s3,s1=s2=s3=w.a.w-c.0.c.2-c.0;0.010140722-0.083650249-0.000494264-0.037227949-0.017648869-0.014269270-0.066505734;0.577,1,w.a.w-c.0.c.2-c.0
s1-s1.s2-s1.s2.s3-s2-s2.s3-s3,s1=s2=s3=w.a.w-c.0.c.2-c.0;0.009961118-0.084324824-0.000856430-0.038610705-0.017894913-0.010373579-0.069262530;0.566,1,w.a.w-c.0.c.2-c.0
s1-s1.s2-s1.s2.s3-s2-s2.s3-s3,s1=s2=s3=w.a.w-c.0.c.2-c.0;0.008628717-0.084344755-0.004223942-0.038025242-0.012571750-0.013937874-0.071612840;0.556,1,w.a.w-c.0.c.2-c.0
s1-s1.s2-s1.s2.s3-s2-s2.s3-s3,s1=s2=s3=w.a.w-c.0.c.2-c.0;0.011610317-0.082255637-0.002631297-0.034676015-0.004741166-0.015075430-0.071334909;0.597,1,w.a.w-c.0.c.2-c.0
s1-s1.s2-s1.s2.s3-s2-s2.s3-s3,s1=s2=s3=w.a.w-c.0.c.2-c.0;0.004320793-0.084269271-0.009420204-0.032778788-0.042393069-0.017816955-0.073796351;0.584,1,w.a.w-c.0.c.2-c.0
s1-s1.s2-s1.s2.s3-s2-s2.s3-s3,s1=s2=s3=w.a.w-c.0.c.2-c.0;0.006665638-0.079300738-0.003234374-0.032350482-0.032427383-0.019367693-0.076737412;0.587,1,w.a.w-c.0.c.2-c.0
s1-s1.s2-s1.s2.s3-s2-s2.s3-s3,s1=s2=s3=w.a.w-c.0.c.2-c.0;0.002195260-0.079300738-0.024862856-0.032350482-0.019342828-0.019233007-0.076737412;0.54,1,w.a.w-c.0.c.2-c.0
s1-s1.s2-s1.s2.s3-s2-s2.s3-s3,s1=s2=s3=w.a.w-c.0.c.2-c.0;0.000318953-0.080791087-0.026534330-0.032375190-0.021853188-0.018071471-0.073501329;0.594,1,w.a.w-c.0.c.2-c.0
s1-s1.s2-s1.s2.s3-s2-s2.s3-s3,s1=s2=s3=w.a.w-c.0.c.2-c.0;0.007668804-0.079721388-0.009464629-0.032480906-0.014763117-0.018914916-0.076083249;0.541,1,w.a.w-c.0.c.2-c.0
s1-s1.s2-s1.s2.s3-s2-s2.s3-s3,s1=s2=s3=w.a.w-c.0.c.2-c.0;0.008995122-0.086397285-0.007931403-0.033678570-0.010192225-0.013415801-0.075573556;0.569,1,w.a.w-c.0.c.2-c.0
s1-s1.s2-s1.s2.s3-s2-s2.s3-s3,s1=s2=s3=w.a.w-c.0.c.2-c.0;0.005340009-0.084322838-0.019541997-0.036137368-0.000311772-0.015037523-0.069233581;0.558,1,w.a.w-c.0.c.2-c.0
s1-s1.s2-s1.s2.s3-s2-s2.s3-s3,s1=s2=s3=w.a.w-c.0.c.2-c.0;0.005404936-0.083400774-0.019665505-0.035921922-0.000718379-0.014178984-0.065033575;0.576,1,w.a.w-c.0.c.2-c.0
s1-s1.s2-s1.s2.s3-s2-s2.s3-s3,s1=s2=s3=w.a.w-c.0.c.2-c.0;0.003094463-0.076082250-0.014814969-0.036438880-0.031680671-0.019429833-0.066412942;0.526,1,w.a.w-c.0.c.2-c.0
s1-s1.s2-s1.s2.s3-s2-s2.s3-s3,s1=s2=s3=w.a.w-c.0.c.2-c.0;0.000739539-0.078994215-0.017044791-0.040921995-0.029670118-0.018257264-0.067652175;0.554,1,w.a.w-c.0.c.2-c.0
s1-s1.s2-s1.s2.s3-s2-s2.s3-s3,s1=s2=s3=w.a.w-c.0.c.2-c.0;0.010289979-0.081301624-0.012498014-0.042741257-0.000031847-0.018637481-0.068774392;0.502,1,w.a.w-c.0.c.2-c.0
s1-s1.s2-s1.s2.s3-s2-s2.s3-s3,s1=s2=s3=w.a.w-c.0.c.2-c.0;0.010289979-0.081301624-0.012273219-0.042741257-0.000031847-0.018862276-0.069004794;0.502,1,w.a.w-c.0.c.2-c.0
s1-s1.s2-s1.s2.s3-s2-s2.s3-s3,s1=s2=s3=w.a.w-c.0.c.2-c.0;0.003950872-0.079853234-0.003114180-0.047155499-0.029552560-0.019065972-0.064787045;0.483,1,w.a.w-c.0.c.2-c.0
s1-s1.s2-s1.s2.s3-s2-s2.s3-s3,s1=s2=s3=w.a.w-c.0.c.2-c.0;0.001588019-0.080032070-0.015108949-0.047236585-0.027947421-0.018887135-0.064705959;0.483,1,w.a.w-c.0.c.2-c.0
s1-s1.s2-s1.s2.s3-s2-s2.s3-s3,s1=s2=s3=w.a.w-c.0.c.2-c.0;0.002056530-0.079877898-0.035336339-0.048178692-0.008386841-0.019954963-0.062479717;0.47,1,w.a.w-c.0.c.2-c.0
s1-s1.s2-s1.s2.s3-s2-s2.s3-s3,s1=s2=s3=w.a.w-c.0.c.2-c.0;0.002056530-0.079877898-0.035336339-0.048178692-0.008386841-0.019968332-0.062479717;0.487,1,w.a.w-c.0.c.2-c.0
s1-s1.s2-s1.s2.s3-s2-s2.s3-s3,s1=s2=s3=w.a.w-c.0.c.2-c.0;0.002104535-0.079877898-0.032382181-0.045801677-0.009781189-0.019968332-0.064856732;0.495,1,w.a.w-c.0.c.2-c.0
s1-s1.s2-s1.s2.s3-s2-s2.s3-s3,s1=s2=s3=w.a.w-c.0.c.2-c.0;0.002104535-0.079877898-0.032382181-0.045801677-0.009781189-0.019968332-0.063698242;0.495,1,w.a.w-c.0.c.2-c.0
s1-s1.s2-s1.s2.s3-s2-s2.s3-s3,s1=s2=s3=w.a.w-c.0.c.2-c.0;0.003526646-0.079316213-0.021625788-0.045822396-0.017499283-0.019842882-0.064087337;0.474,1,w.a.w-c.0.c.2-c.0
s1-s1.s2-s1.s2.s3-s2-s2.s3-s3,s1=s2=s3=w.a.w-c.0.c.2-c.0;0.005293033-0.079558045-0.016330874-0.047065992-0.013942262-0.019564956-0.064175388;0.453,1,w.a.w-c.0.c.2-c.0
s1-s1.s2-s1.s2.s3-s2-s2.s3-s3,s1=s2=s3=w.a.w-c.0.c.2-c.0;0.007967902-0.078445910-0.007038015-0.045105024-0.008337346-0.019233053-0.058264559;0.488,1,w.a.w-c.0.c.2-c.0
s1-s1.s2-s1.s2.s3-s2-s2.s3-s3,s1=s2=s3=w.a.w-c.0.c.2-c.0;0.010125080-0.078171207-0.001943482-0.046758464-0.006756272-0.020691596-0.060446247;0.449,1,w.a.w-c.0.c.2-c.0
s1-s1.s2-s1.s2.s3-s2-s2.s3-s3,s1=s2=s3=w.a.w-c.0.c.2-c.0;0.009403322-0.076429104-0.002902794-0.047084627-0.007648605-0.018650588-0.058080125;0.449,1,w.a.w-c.0.c.2-c.0
s1-s1.s2-s1.s2.s3-s2-s2.s3-s3,s1=s2=s3=w.a.w-c.0.c.2-c.0;0.000582290-0.076429104-0.016827202-0.047084627-0.029752106-0.016864033-0.058427445;0.476,1,w.a.w-c.0.c.2-c.0
s1-s1.s2-s1.s2.s3-s2-s2.s3-s3,s1=s2=s3=w.a.w-c.0.c.2-c.0;0.000705874-0.075896893-0.007792070-0.045751646-0.034088656-0.018841008-0.061192305;0.46,1,w.a.w-c.0.c.2-c.0
s1-s1.s2-s1.s2.s3-s2-s2.s3-s3,s1=s2=s3=w.a.w-c.0.c.2-c.0;0.002867037-0.076267663-0.014807941-0.046290669-0.024266978-0.018647941-0.062329920;0.45,1,w.a.w-c.0.c.2-c.0
s1-s1.s2-s1.s2.s3-s2-s2.s3-s3,s1=s2=s3=w.a.w-c.0.c.2-c.0;0.011041690-0.079437162-0.000295574-0.047585640-0.002336219-0.020706921-0.061617801;0.469,1,w.a.w-c.0.c.2-c.0
s1-s1.s2-s1.s2.s3-s2-s2.s3-s3,s1=s2=s3=w.a.w-c.0.c.2-c.0;0.001593011-0.080004336-0.005375854-0.047295855-0.032031362-0.018608275-0.061539601;0.478,1,w.a.w-c.0.c.2-c.0
s1-s1.s2-s1.s2.s3-s2-s2.s3-s3,s1=s2=s3=w.a.w-c.0.c.2-c.0;0.006319420-0.080004336-0.012606838-0.047295855-0.012122112-0.018608275-0.057628847;0.464,1,w.a.w-c.0.c.2-c.0
s1-s1.s2-s1.s2.s3-s2-s2.s3-s3,s1=s2=s3=w.a.w-c.0.c.2-c.0;0.006815779-0.080339969-0.012129745-0.046596066-0.010019617-0.019199364-0.063753347;0.469,1,w.a.w-c.0.c.2-c.0
s1-s1.s2-s1.s2.s3-s2-s2.s3-s3,s1=s2=s3=w.a.w-c.0.c.2-c.0;0.006815779-0.083932515-0.012129745-0.046596066-0.009616372-0.015606818-0.064156592;0.491,1,w.a.w-c.0.c.2-c.0
s1-s1.s2-s1.s2.s3-s2-s2.s3-s3,s1=s2=s3=w.a.w-c.0.c.2-c.0;0.003707648-0.081570943-0.022470460-0.045729567-0.004072267-0.017470579-0.064017558;0.487,1,w.a.w-c.0.c.2-c.0
s1-s1.s2-s1.s2.s3-s2-s2.s3-s3,s1=s2=s3=w.a.w-c.0.c.2-c.0;0.006221683-0.079830161-0.009561834-0.047334054-0.009321343-0.016102419-0.059038468;0.489,1,w.a.w-c.0.c.2-c.0
s1-s1.s2-s1.s2.s3-s2-s2.s3-s3,s1=s2=s3=w.a.w-c.0.c.2-c.0;0.003254182-0.079830161-0.013636256-0.047334054-0.017050439-0.016635427-0.059038468;0.457,1,w.a.w-c.0.c.2-c.0
s1-s1.s2-s1.s2.s3-s2-s2.s3-s3,s1=s2=s3=w.a.w-c.0.c.2-c.0;0.000386740-0.078471601-0.010299454-0.046557046-0.030787319-0.016161325-0.059619470;0.477,1,w.a.w-c.0.c.2-c.0
s1-s1.s2-s1.s2.s3-s2-s2.s3-s3,s1=s2=s3=w.a.w-c.0.c.2-c.0;0.000740393-0.078663073-0.009791153-0.045595790-0.031739434-0.015634955-0.057707332;0.455,1,w.a.w-c.0.c.2-c.0
s1-s1.s2-s1.s2.s3-s2-s2.s3-s3,s1=s2=s3=w.a.w-c.0.c.2-c.0;0.004104850-0.079854007-0.010902407-0.042388668-0.028753502-0.014633696-0.057647058;0.521,1,w.a.w-c.0.c.2-c.0
s1-s1.s2-s1.s2.s3-s2-s2.s3-s3,s1=s2=s3=w.a.w-c.0.c.2-c.0;0.005174641-0.082276176-0.012086365-0.044393760-0.015964529-0.013303904-0.060262690;0.545,1,w.a.w-c.0.c.2-c.0
s1-s1.s2-s1.s2.s3-s2-s2.s3-s3,s1=s2=s3=w.a.w-c.0.c.2-c.0;0.006784638-0.081972532-0.016103940-0.046235777-0.004054708-0.013722985-0.058652220;0.518,1,w.a.w-c.0.c.2-c.0
s1-s1.s2-s1.s2.s3-s2-s2.s3-s3,s1=s2=s3=w.a.w-c.0.c.2-c.0;0.002190490-0.083074825-0.001400831-0.048244635-0.029122702-0.015096325-0.057139045;0.513,1,w.a.w-c.0.c.2-c.0
s1-s1.s2-s1.s2.s3-s2-s2.s3-s3,s1=s2=s3=w.a.w-c.0.c.2-c.0;0.007624705-0.083828743-0.002980201-0.048244635-0.004404235-0.014342408-0.057139045;0.491,1,w.a.w-c.0.c.2-c.0
s1-s1.s2-s1.s2.s3-s2-s2.s3-s3,s1=s2=s3=w.a.w-c.0.c.2-c.0;0.005625125-0.082067211-0.018641268-0.048443514-0.001844581-0.015538161-0.058164019;0.478,1,w.a.w-c.0.c.2-c.0
s1-s1.s2-s1.s2.s3-s2-s2.s3-s3,s1=s2=s3=w.a.w-c.0.c.2-c.0;0.006940696-0.081385173-0.020195204-0.050000079-0.003917470-0.014371081-0.053357993;0.477,1,w.a.w-c.0.c.2-c.0
s1-s1.s2-s1.s2.s3-s2-s2.s3-s3,s1=s2=s3=w.a.w-c.0.c.2-c.0;0.007130374-0.080034548-0.018303405-0.049639183-0.000580252-0.020030304-0.058949622;0.449,1,w.a.w-c.0.c.2-c.0
s1-s1.s2-s1.s2.s3-s2-s2.s3-s3,s1=s2=s3=w.a.w-c.0.c.2-c.0;0.000684268-0.079932351-0.026256096-0.049446403-0.010320222-0.017970270-0.059142594;0.466,1,w.a.w-c.0.c.2-c.0
s1-s1.s2-s1.s2.s3-s2-s2.s3-s3,s1=s2=s3=w.a.w-c.0.c.2-c.0;0.003961910-0.080784138-0.019798716-0.048226416-0.009156386-0.014916581-0.059477816;0.44,1,w.a.w-c.0.c.2-c.0
s1-s1.s2-s1.s2.s3-s2-s2.s3-s3,s1=s2=s3=w.a.w-c.0.c.2-c.0;0.010568790-0.082403985-0.000152976-0.047565626-0.008026581-0.013190063-0.059304007;0.467,1,w.a.w-c.0.c.2-c.0
s1-s1.s2-s1.s2.s3-s2-s2.s3-s3,s1=s2=s3=w.a.w-c.0.c.2-c.0;0.010568790-0.082403985-0.000152976-0.047339636-0.008026581-0.013190063-0.059529996;0.462,1,w.a.w-c.0.c.2-c.0
s1-s1.s2-s1.s2.s3-s2-s2.s3-s3,s1=s2=s3=w.a.w-c.0.c.2-c.0;0.006649353-0.082158483-0.021843753-0.049381591-0.000189760-0.013685268-0.059680422;0.468,1,w.a.w-c.0.c.2-c.0
s1-s1.s2-s1.s2.s3-s2-s2.s3-s3,s1=s2=s3=w.a.w-c.0.c.2-c.0;0.001560439-0.082158483-0.034357024-0.050295092-0.008600460-0.013685268-0.059785375;0.455,1,w.a.w-c.0.c.2-c.0
s1-s1.s2-s1.s2.s3-s2-s2.s3-s3,s1=s2=s3=w.a.w-c.0.c.2-c.0;0.004238011-0.082158483-0.019105800-0.050295092-0.010219804-0.013685268-0.059785375;0.455,1,w.a.w-c.0.c.2-c.0
s1-s1.s2-s1.s2.s3-s2-s2.s3-s3,s1=s2=s3=w.a.w-c.0.c.2-c.0;0.002170399-0.082158483-0.037143790-0.050295092-0.004602790-0.013685268-0.059785376;0.455,1,w.a.w-c.0.c.2-c.0
s1-s1.s2-s1.s2.s3-s2-s2.s3-s3,s1=s2=s3=w.a.w-c.0.c.2-c.0;0.002122075-0.071113913-0.038423604-0.049591004-0.005832101-0.025137872-0.058035653;0.413,1,w.a.w-c.0.c.2-c.0
s1-s1.s2-s1.s2.s3-s2-s2.s3-s3,s1=s2=s3=w.a.w-c.0.c.2-c.0;0.003561675-0.073110403-0.037956216-0.047848019-0.005606296-0.025686546-0.059763475;0.431,1,w.a.w-c.0.c.2-c.0
s1-s1.s2-s1.s2.s3-s2-s2.s3-s3,s1=s2=s3=w.a.w-c.0.c.2-c.0;0.008358016-0.071855971-0.027491057-0.046683752-0.000815245-0.026438167-0.056892236;0.432,1,w.a.w-c.0.c.2-c.0
s1-s1.s2-s1.s2.s3-s2-s2.s3-s3,s1=s2=s3=w.a.w-c.0.c.2-c.0;0.000193578-0.071855971-0.039885380-0.046981363-0.018699846-0.026438167-0.056594625;0.424,1,w.a.w-c.0.c.2-c.0
s1-s1.s2-s1.s2.s3-s2-s2.s3-s3,s1=s2=s3=w.a.w-c.0.c.2-c.0;0.009641451-0.073179764-0.008166153-0.045838284-0.002384483-0.025659533-0.064417556;0.433,1,w.a.w-c.0.c.2-c.0
s1-s1.s2-s1.s2.s3-s2-s2.s3-s3,s1=s2=s3=w.a.w-c.0.c.2-c.0;0.006829107-0.074679754-0.018066497-0.045166042-0.003482144-0.019304693-0.061323441;0.463,1,w.a.w-c.0.c.2-c.0
s1-s1.s2-s1.s2.s3-s2-s2.s3-s3,s1=s2=s3=w.a.w-c.0.c.2-c.0;0.007035842-0.077572646-0.016443762-0.043639600-0.002811901-0.020146116-0.061502085;0.485,1,w.a.w-c.0.c.2-c.0
s1-s1.s2-s1.s2.s3-s2-s2.s3-s3,s1=s2=s3=w.a.w-c.0.c.2-c.0;0.004115479-0.077572646-0.023353563-0.043639600-0.007916056-0.020146116-0.061502085;0.478,1,w.a.w-c.0.c.2-c.0
s1-s1.s2-s1.s2.s3-s2-s2.s3-s3,s1=s2=s3=w.a.w-c.0.c.2-c.0;0.001604080-0.079401903-0.039275220-0.042443164-0.009384089-0.020780152-0.063051276;0.495,1,w.a.w-c.0.c.2-c.0
s1-s1.s2-s1.s2.s3-s2-s2.s3-s3,s1=s2=s3=w.a.w-c.0.c.2-c.0;0.004639246-0.079669636-0.031221741-0.042665416-0.004486592-0.019611575-0.065365127;0.498,1,w.a.w-c.0.c.2-c.0
s1-s1.s2-s1.s2.s3-s2-s2.s3-s3,s1=s2=s3=w.a.w-c.0.c.2-c.0;0.003539461-0.079690464-0.016869636-0.041047806-0.016363140-0.019848121-0.068828331;0.511,1,w.a.w-c.0.c.2-c.0
s1-s1.s2-s1.s2.s3-s2-s2.s3-s3,s1=s2=s3=w.a.w-c.0.c.2-c.0;0.005676211-0.079690464-0.024635002-0.041147662-0.002920177-0.019848121-0.068707493;0.486,1,w.a.w-c.0.c.2-c.0
s1-s1.s2-s1.s2.s3-s2-s2.s3-s3,s1=s2=s3=w.a.w-c.0.c.2-c.0;0.004374350-0.078725424-0.022627078-0.040085575-0.003387708-0.020499070-0.067315483;0.507,1,w.a.w-c.0.c.2-c.0
